Date,Exposure,Exposure MoM Trend
1/11/2013,"2,554,532.56",70.00%
2/11/2013,"2,250,543.19",71.00%
3/11/2013,"2,556,617.06",72.00%
4/11/2013,"2,528,494.27",73.00%
5/11/2013,"2,948,224.32",65.00%
6/11/2013,"3,369,820.40",75.00%
7/11/2013,"3,723,651.54",76.00%
8/11/2013,"3,958,241.59",77.00%
9/11/2013,"3,617,832.81",78.00%
10/11/2013,"3,798,724.45",79.00%
11/11/2013,"3,696,158.89",80.00%
12/11/2013,"3,884,662.99",81.00%
13/11/2013,"3,577,774.62",82.00%
14/11/2013,"3,670,796.76",83.00%
15/11/2013,"3,590,039.23",84.00%
16/11/2013,"3,353,096.64",85.00%
17/11/2013,"3,705,171.79",86.00%
18/11/2013,"4,249,832.04",95.00%
19/11/2013,"4,878,807.18",88.00%
20/11/2013,"5,566,718.99",89.00%
21/11/2013,"6,451,827.31",90.00%
22/11/2013,"5,425,986.77",91.00%
23/11/2013,"5,773,249.92",98.00%
24/11/2013,"5,981,086.92",93.00%
25/11/2013,"6,046,878.88",94.00%
26/11/2013,"6,052,925.76",95.00%
27/11/2013,"5,544,479.99",96.00%
28/11/2013,"5,993,582.87",97.00%
29/11/2013,"5,759,833.14",98.00%
30/11/2013,"5,517,920.15",99.00%
1/12/2013,"5,159,255.34",101.96%
2/12/2013,"5,762,888.21",140.31%
3/12/2013,"5,394,063.37",110.98%
4/12/2013,"5,852,558.75",131.46%
5/12/2013,"6,022,282.96",104.27%
6/12/2013,"5,739,235.66",70.31%
7/12/2013,"5,624,450.95",51.05%
8/12/2013,"6,423,122.98",62.27%
9/12/2013,"6,551,585.44",81.09%
10/12/2013,"6,505,724.34",71.26%
11/12/2013,"5,868,163.36",58.76%
12/12/2013,"5,005,543.34",28.85%
13/12/2013,"4,274,734.01",19.48%
14/12/2013,"3,984,052.10",8.53%
15/12/2013,"3,872,498.64",7.87%
16/12/2013,"3,934,458.62",17.34%
17/12/2013,"4,272,822.06",15.32%
18/12/2013,"4,183,092.80",-1.57%
19/12/2013,"4,835,655.28",-0.88%
20/12/2013,"4,042,607.81",-27.38%
21/12/2013,"3,395,790.56",-47.37%
22/12/2013,"2,927,171.46",-46.05%
23/12/2013,"3,293,067.90",-42.96%
24/12/2013,"3,796,907.28",-36.52%
25/12/2013,"3,227,371.19",-46.63%
26/12/2013,"3,656,611.56",-39.59%
27/12/2013,"3,093,493.38",-44.21%
28/12/2013,"2,601,627.93",-56.59%
29/12/2013,"2,575,611.65",-55.28%
30/12/2013,"2,521,523.81",-54.30%
31/12/2013,"2,168,510.48",-57.97%
1/1/2014,"2,036,231.34",-64.67%
2/1/2014,"2,284,651.56",-57.65%
3/1/2014,"2,225,250.62",-61.98%
4/1/2014,"2,398,820.17",-60.17%
5/1/2014,"2,737,053.81",-52.31%
6/1/2014,"2,318,284.58",-58.78%
7/1/2014,"2,582,569.02",-59.79%
8/1/2014,"2,394,041.48",-63.46%
9/1/2014,"2,475,438.89",-61.95%
10/1/2014,"2,485,340.65",-57.65%
11/1/2014,"2,199,526.47",-56.06%
12/1/2014,"2,247,916.06",-47.41%
13/01/2014,"2,241,172.31",-43.75%
14/01/2014,"1,907,237.63",-50.75%
15/01/2014,"1,621,151.99",-58.80%
16/01/2014,"1,368,252.28",-67.98%
17/01/2014,"1,381,934.80",-66.96%
18/01/2014,"1,445,503.80",-70.11%
19/01/2014,"1,653,656.35",-59.09%
20/01/2014,"1,883,514.58",-44.53%
21/01/2014,"2,009,710.06",-31.34%
22/01/2014,"2,212,690.77",-32.81%
23/01/2014,"1,951,593.26",-48.60%
24/01/2014,"1,752,530.75",-45.70%
25/01/2014,"1,494,908.73",-59.12%
26/01/2014,"1,693,731.59",-45.25%
27/01/2014,"1,690,344.13",-35.03%
28/01/2014,"1,487,502.83",-42.25%
29/01/2014,"1,594,603.04",-36.76%
30/01/2014,"1,329,898.93",-38.67%
31/01/2014,"1,351,177.32",-33.64%
1/2/2014,"1,482,241.51",-35.12%
2/2/2014,"1,720,882.40",-22.67%
3/2/2014,"1,827,577.11",-23.81%
4/2/2014,"1,999,369.36",-26.95%
5/2/2014,"1,729,454.49",-25.40%
6/2/2014,"1,969,848.67",-23.73%
7/2/2014,"2,294,873.70",-4.14%
8/2/2014,"2,462,399.48",-0.53%
9/2/2014,"2,078,265.16",-16.38%
10/2/2014,"1,953,569.25",-11.18%
11/2/2014,"1,789,469.43",-20.39%
12/2/2014,"1,805,574.66",-19.44%
13/02/2014,"1,560,016.50",-18.21%
14/02/2014,"1,628,657.23",0.46%
15/02/2014,"1,482,078.08",8.32%
16/02/2014,"1,720,692.65",24.51%
17/02/2014,"1,662,189.10",14.99%
18/02/2014,"1,625,620.94",-1.70%
19/02/2014,"1,539,463.03",-18.27%
20/02/2014,"1,544,081.42",-23.17%
21/02/2014,"1,778,781.79",-19.61%
22/02/2014,"1,885,508.70",-3.39%
23/02/2014,"1,934,531.93",10.39%
24/02/2014,"1,851,347.06",23.84%
25/02/2014,"2,143,859.89",26.58%
26/02/2014,"1,995,933.56",18.08%
27/02/2014,"2,201,514.71",48.00%
28/02/2014,"2,276,366.21",42.75%
1/3/2014,"2,558,635.63",92.39%
2/3/2014,"2,893,816.89",114.17%
3/3/2014,"2,830,152.92",90.94%
4/3/2014,"2,994,301.79",74.00%
5/3/2014,"3,203,902.92",75.31%
6/3/2014,"3,405,748.80",70.34%
7/3/2014,"3,429,589.04",98.30%
8/3/2014,"3,086,630.14",56.69%
9/3/2014,"3,305,780.88",44.05%
10/3/2014,"2,829,748.43",14.92%
11/3/2014,"2,818,429.44",35.61%
12/3/2014,"2,406,938.74",23.21%
13/03/2014,"2,301,033.43",28.59%
14/03/2014,"2,372,365.47",31.39%
15/03/2014,"2,189,693.33",40.36%
16/03/2014,"2,487,491.62",52.73%
17/03/2014,"2,169,092.69",46.35%
18/03/2014,"1,963,028.89",14.08%
19/03/2014,"1,843,284.13",10.89%
20/03/2014,"1,664,485.57",2.39%
21/03/2014,"1,601,235.11",4.01%
22/03/2014,"1,476,338.78",-4.39%
23/03/2014,"1,666,786.48",-6.30%
24/03/2014,"1,735,124.72",-7.98%
25/03/2014,"1,601,520.12",-17.21%
26/03/2014,"1,476,601.55",-20.24%
27/03/2014,"1,255,111.32",-41.46%
28/03/2014,"1,443,378.02",-27.68%
29/03/2014,"1,439,047.88",-34.63%
30/03/2014,"1,335,436.43",-41.33%
31/03/2014,"1,264,658.30",-50.57%
1/4/2014,"1,274,775.57",-55.95%
2/4/2014,"1,332,140.47",-52.93%
3/4/2014,"1,124,326.56",-62.45%
4/4/2014,"1,177,169.90",-63.26%
5/4/2014,"1,171,284.06",-65.61%
6/4/2014,"1,137,316.82",-66.84%
7/4/2014,"1,140,728.77",-63.04%
8/4/2014,"1,125,899.29",-65.94%
9/4/2014,"1,244,118.72",-56.03%
10/4/2014,"1,291,395.23",-54.18%
11/4/2014,"1,465,733.59",-39.10%
12/4/2014,"1,336,749.03",-41.91%
13/04/2014,"1,255,207.34",-47.09%
14/04/2014,"1,204,999.05",-44.97%
15/04/2014,"1,073,654.15",-56.84%
16/04/2014,"1,159,546.48",-46.54%
17/04/2014,"1,219,842.90",-37.86%
18/04/2014,"1,078,341.12",-41.50%
19/04/2014,"955,410.24",-42.60%
20/04/2014,"932,480.39",-41.76%
21/04/2014,"805,663.06",-45.43%
22/04/2014,"739,598.69",-55.63%
23/04/2014,"803,943.77",-53.67%
24/04/2014,"822,434.48",-48.65%
25/04/2014,"869,313.24",-41.13%
26/04/2014,"764,126.34",-39.12%
27/04/2014,"728,976.53",-49.50%
28/04/2014,"843,425.85",-41.39%
29/04/2014,"743,901.60",-44.30%
30/04/2014,"792,999.10",-37.30%
1/5/2014,"874,678.01",-31.39%
2/5/2014,"861,557.84",-35.33%
3/5/2014,"798,664.12",-28.97%
4/5/2014,"688,448.47",-41.52%
5/5/2014,"666,418.12",-43.10%
6/5/2014,"707,736.04",-37.77%
7/5/2014,"763,647.19",-33.06%
8/5/2014,"859,103.09",-23.70%
9/5/2014,"868,553.22",-30.19%
10/5/2014,"873,764.54",-32.34%
11/5/2014,"947,160.76",-35.38%
12/5/2014,"948,107.92",-29.07%
13/05/2014,"1,067,569.52",-14.95%
14/05/2014,"964,015.28",-20.00%
15/05/2014,"1,030,532.33",-4.02%
16/05/2014,"1,121,219.17",-3.31%
17/05/2014,"951,915.08",-21.96%
18/05/2014,"1,011,885.73",-6.16%
19/05/2014,"968,374.64",1.36%
20/05/2014,"897,683.29",-3.73%
21/05/2014,"802,528.86",-0.39%
22/05/2014,"709,435.52",-4.08%
23/05/2014,"724,333.66",-9.90%
24/05/2014,"798,215.70",-2.94%
25/05/2014,"791,031.75",-9.00%
26/05/2014,"863,015.64",12.94%
27/05/2014,"818,138.83",12.23%
28/05/2014,"867,227.16",2.82%
29/05/2014,"994,709.55",33.72%
30/05/2014,"902,201.56",13.77%
31/05/2014,"808,372.60",-7.58%
1/6/2014,"753,403.27",-12.55%
2/6/2014,"853,605.90",6.88%
3/6/2014,"863,849.17",25.48%
4/6/2014,"799,924.33",20.03%
5/6/2014,"775,926.60",9.64%
6/6/2014,"791,445.13",3.64%
7/6/2014,"683,017.15",-20.50%
8/6/2014,"775,907.48",-10.67%
9/6/2014,"754,182.07",-13.69%
10/6/2014,"702,143.51",-25.87%
11/6/2014,"693,717.79",-26.83%
12/6/2014,"668,050.23",-37.42%
13/06/2014,"571,182.95",-40.75%
14/06/2014,"589,460.80",-42.80%
15/06/2014,"605,376.24",-46.01%
16/06/2014,"590,847.21",-37.93%
17/06/2014,"626,888.89",-38.05%
18/06/2014,"537,243.78",-44.52%
19/06/2014,"590,430.92",-34.23%
20/06/2014,"536,701.70",-33.12%
21/06/2014,"583,931.45",-17.69%
22/06/2014,"658,090.75",-9.15%
23/06/2014,"736,403.55",-7.74%
24/06/2014,"653,926.35",-17.33%
25/06/2014,"627,769.29",-27.26%
26/06/2014,"671,085.38",-17.97%
27/06/2014,"626,793.74",-27.72%
28/06/2014,"699,501.81",-29.68%
29/06/2014,"803,028.08",-10.99%
30/06/2014,"725,134.36",-10.30%
1/7/2014,"736,736.51",-2.21%
2/7/2014,"733,052.83",-14.12%
3/7/2014,"850,341.28",-1.56%
4/7/2014,"770,409.20",-3.69%
5/7/2014,"664,092.73",-14.41%
6/7/2014,"686,671.88",-13.24%
7/7/2014,"670,191.76",-1.88%
8/7/2014,"755,976.30",-2.57%
9/7/2014,"768,071.92",1.84%
10/7/2014,"862,544.77",22.84%
11/7/2014,"864,269.86",24.59%
12/7/2014,"947,239.76",41.79%
13/07/2014,"943,450.81",65.17%
14/07/2014,"882,126.50",49.65%
15/07/2014,"942,111.11",55.62%
16/07/2014,"971,316.55",64.39%
17/07/2014,"1,015,997.11",62.07%
18/07/2014,"1,141,980.75",112.56%
19/07/2014,"964,973.74",63.44%
20/07/2014,"1,084,630.48",102.09%
21/07/2014,"1,016,298.76",74.04%
22/07/2014,"948,206.74",44.08%
23/07/2014,"976,652.94",32.62%
24/07/2014,"828,201.70",26.65%
25/07/2014,"755,319.95",20.32%
26/07/2014,"844,447.70",25.83%
27/07/2014,"826,714.30",31.90%
28/07/2014,"732,468.87",4.71%
29/07/2014,"763,965.03",-4.86%
30/07/2014,"650,898.21",-10.24%
31/07/2014,"648,945.51",-11.92%
1/8/2014,"632,721.87",-13.69%
2/8/2014,"557,427.97",-34.45%
3/8/2014,"637,140.17",-17.30%
4/8/2014,"723,791.23",8.99%
5/8/2014,"671,678.27",-2.18%
6/8/2014,"756,309.73",12.85%
7/8/2014,"777,486.40",2.85%
8/8/2014,"716,842.46",-6.67%
9/8/2014,"706,806.67",-18.06%
10/8/2014,"781,728.17",-9.55%
11/8/2014,"734,824.48",-22.42%
12/8/2014,"708,370.80",-24.92%
13/08/2014,"735,288.89",-16.65%
14/08/2014,"640,436.62",-32.02%
15/08/2014,"740,344.74",-23.78%
16/08/2014,"694,443.36",-31.65%
17/08/2014,"677,082.28",-40.71%
18/08/2014,"631,040.68",-34.61%
19/08/2014,"528,181.05",-51.30%
20/08/2014,"451,066.62",-55.62%
21/08/2014,"456,479.42",-51.86%
22/08/2014,"481,585.79",-50.69%
23/08/2014,"556,713.17",-32.78%
24/08/2014,"635,209.73",-15.90%
25/08/2014,"627,587.21",-25.68%
26/08/2014,"618,173.40",-25.23%
27/08/2014,"565,628.66",-22.78%
28/08/2014,"639,726.02",-16.26%
29/08/2014,"706,257.52",8.51%
30/08/2014,"811,489.89",25.05%
31/08/2014,"779,030.30",23.12%
1/9/2014,"869,397.81",55.97%
2/9/2014,"828,536.11",30.04%
3/9/2014,"824,393.43",13.90%
4/9/2014,"753,495.60",12.18%
5/9/2014,"733,904.71",-2.96%
6/9/2014,"824,908.90",6.10%
7/9/2014,"825,733.81",15.19%
8/9/2014,"869,497.70",23.02%
9/9/2014,"767,766.47",-1.79%
10/9/2014,"690,989.82",-5.97%
11/9/2014,"659,204.29",-6.94%
12/9/2014,"749,515.28",1.93%
13/09/2014,"649,829.75",1.47%
14/09/2014,"579,648.13",-21.71%
15/09/2014,"630,657.17",-9.19%
16/09/2014,"557,500.94",-17.66%
17/09/2014,"618,826.04",-1.94%
18/09/2014,"718,457.03",36.02%
19/09/2014,"637,989.84",41.44%
20/09/2014,"689,667.02",51.08%
21/09/2014,"684,149.69",42.06%
22/09/2014,"799,086.83",43.54%
23/09/2014,"667,237.51",5.04%
24/09/2014,"696,595.96",11.00%
25/09/2014,"697,989.15",12.91%
26/09/2014,"742,660.45",31.30%
27/09/2014,"854,802.18",33.62%
28/09/2014,"727,436.66",3.00%
29/09/2014,"700,521.50",-13.67%
30/09/2014,"718,735.06",-7.74%
1/10/2014,"603,018.71",-30.64%
2/10/2014,"598,797.58",-27.73%
3/10/2014,"582,630.05",-29.33%
4/10/2014,"632,153.60",-16.10%
5/10/2014,"701,058.35",-4.48%
6/10/2014,"749,431.37",-9.15%
7/10/2014,"827,372.23",0.20%
8/10/2014,"957,269.68",10.09%
9/10/2014,"806,978.34",5.11%
10/10/2014,"804,557.40",16.44%
11/10/2014,"895,472.39",35.84%
12/10/2014,"908,904.47",21.27%
13/10/2014,"922,538.04",41.97%
14/10/2014,"860,727.99",48.49%
15/10/2014,"772,073.01",22.42%
16/10/2014,"713,395.46",27.96%
17/10/2014,"777,601.05",25.66%
18/10/2014,"654,740.09",-8.87%
19/10/2014,"610,217.76",-4.35%
20/10/2014,"573,604.69",-16.83%
21/10/2014,"574,751.90",-15.99%
22/10/2014,"558,084.10",-30.16%
23/10/2014,"650,726.06",-2.47%
24/10/2014,"760,048.04",9.11%
25/10/2014,"682,523.14",-2.22%
26/10/2014,"572,636.91",-22.89%
27/10/2014,"516,518.49",-39.57%
28/10/2014,"458,668.42",-36.95%
29/10/2014,"416,470.93",-40.55%
30/10/2014,"395,230.91",-45.01%
31/10/2014,"372,702.75",-38.19%
1/11/2014,"365,621.40",-38.94%
2/11/2014,"339,296.66",-41.76%
3/11/2014,"384,083.81",-39.24%
4/11/2014,"324,934.91",-53.65%
5/11/2014,"307,063.49",-59.03%
6/11/2014,"288,025.55",-65.19%
7/11/2014,"310,203.52",-67.59%
8/11/2014,"326,023.90",-59.60%
9/11/2014,"293,747.53",-63.49%
10/11/2014,"327,822.25",-63.39%
11/11/2014,"360,932.29",-60.29%
12/11/2014,"311,845.50",-66.20%
13/11/2014,"322,136.40",-62.57%
14/11/2014,"364,658.41",-52.77%
15/11/2014,"304,489.77",-57.32%
16/11/2014,"312,102.01",-59.86%
17/11/2014,"358,605.21",-45.23%
18/11/2014,"331,351.22",-45.70%
19/11/2014,"276,346.92",-51.82%
20/11/2014,"273,307.10",-52.45%
21/11/2014,"252,535.76",-54.75%
22/11/2014,"225,766.97",-65.31%
23/11/2014,"251,052.87",-66.97%
24/11/2014,"222,181.79",-67.45%
25/11/2014,"234,623.97",-59.03%
26/11/2014,"263,951.97",-48.90%
27/11/2014,"277,941.42",-39.40%
28/11/2014,"294,895.85",-29.19%
29/11/2014,"271,009.28",-31.43%
30/11/2014,"267,215.15",-28.30%
1/12/2014,"266,146.29",-27.21%
2/12/2014,"271,735.37",-19.91%
3/12/2014,"313,582.61",-18.36%
4/12/2014,"306,370.21",-5.71%
5/12/2014,"269,299.42",-12.30%
6/12/2014,"305,385.54",6.03%
7/12/2014,"346,001.81",11.54%
8/12/2014,"394,788.07",21.09%
9/12/2014,"376,627.82",28.21%
10/12/2014,"438,771.41",33.84%
11/12/2014,"446,230.52",23.63%
12/12/2014,"476,574.20",52.82%
13/12/2014,"455,128.36",41.28%
14/12/2014,"528,404.03",44.90%
15/12/2014,"551,653.80",81.17%
16/12/2014,"546,137.26",74.99%
17/12/2014,"538,491.34",50.16%
18/12/2014,"456,102.17",37.65%
19/12/2014,"430,560.45",55.80%
20/12/2014,"448,643.99",64.15%
21/12/2014,"478,254.49",89.38%
22/12/2014,"461,037.33",104.21%
23/12/2014,"482,245.04",92.09%
24/12/2014,"507,804.03",128.55%
25/12/2014,"547,920.55",133.53%
26/12/2014,"617,506.46",133.95%
27/12/2014,"537,230.62",93.29%
28/12/2014,"522,725.39",77.26%
29/12/2014,"520,111.77",91.92%
30/12/2014,"434,293.32",62.53%
31/12/2014,"389,126.82",46.21%
1/1/2015,"430,763.39",58.52%
2/1/2015,"475,132.02",51.52%
3/1/2015,"460,878.06",50.43%
4/1/2015,"428,616.59",59.16%
5/1/2015,"461,191.45",51.02%
6/1/2015,"390,629.16",12.90%
7/1/2015,"343,753.66",-12.93%
8/1/2015,"382,254.07",1.49%
9/1/2015,"345,557.68",-21.24%
10/1/2015,"386,333.49",-13.42%
11/1/2015,"333,405.80",-30.04%
12/1/2015,"311,401.02",-31.58%
13/01/2015,"342,541.12",-35.17%
14/01/2015,"304,861.60",-44.74%
15/01/2015,"312,483.14",-42.78%
16/01/2015,"358,730.64",-33.38%
17/01/2015,"385,276.71",-15.53%
18/01/2015,"387,588.37",-9.98%
19/01/2015,"363,945.48",-18.88%
20/01/2015,"370,860.44",-22.46%
21/01/2015,"375,681.63",-18.51%
22/01/2015,"377,935.72",-21.63%
23/01/2015,"433,492.27",-14.63%
24/01/2015,"482,043.40",-12.02%
25/01/2015,"449,264.45",-27.25%
26/01/2015,"446,568.86",-16.88%
27/01/2015,"470,237.01",-10.04%
28/01/2015,"396,409.80",-23.78%
29/01/2015,"363,111.38",-16.39%
30/01/2015,"354,759.82",-8.83%
31/01/2015,"357,597.89",-16.99%
1/2/2015,"330,778.05",-30.38%
2/2/2015,"348,640.07",-24.35%
3/2/2015,"309,592.38",-27.77%
4/2/2015,"288,849.69",-37.37%
5/2/2015,"246,099.94",-37.00%
6/2/2015,"221,243.84",-35.64%
7/2/2015,"238,722.11",-37.55%
8/2/2015,"205,062.29",-40.66%
9/2/2015,"208,343.29",-46.07%
10/2/2015,"198,551.15",-40.45%
11/2/2015,"188,822.15",-39.36%
12/2/2015,"179,381.04",-47.63%
13/02/2015,"153,908.93",-49.52%
14/02/2015,"139,749.31",-55.28%
15/02/2015,"123,398.64",-65.60%
16/02/2015,"108,220.61",-71.91%
17/02/2015,"102,484.91",-73.56%
18/02/2015,"119,394.93",-67.19%
19/02/2015,"135,274.45",-63.52%
20/02/2015,"114,577.46",-69.50%
21/02/2015,"104,265.49",-72.41%
22/02/2015,"118,966.92",-72.56%
23/02/2015,"133,361.92",-72.33%
24/02/2015,"126,827.19",-71.77%
25/02/2015,"143,314.72",-67.91%
26/02/2015,"152,056.92",-67.66%
27/02/2015,"157,835.08",-60.18%
28/02/2015,"152,626.52",-57.97%
1/3/2015,"160,257.85",-54.83%
2/3/2015,"161,379.65",-54.87%
3/3/2015,"184,779.70",-44.14%
4/3/2015,"199,377.30",-42.81%
5/3/2015,"225,296.35",-27.23%
6/3/2015,"216,735.09",-24.97%
7/3/2015,"241,009.42",-2.07%
8/3/2015,"232,333.08",5.01%
9/3/2015,"247,202.40",3.55%
10/3/2015,"246,955.19",20.43%
11/3/2015,"287,208.89",37.85%
12/3/2015,"305,590.26",53.91%
13/03/2015,"334,926.93",77.38%
14/03/2015,"377,797.57",110.61%
15/03/2015,"360,796.68",134.42%
16/03/2015,"330,128.96",136.23%
17/03/2015,"365,452.76",196.16%
18/03/2015,"403,094.40",272.47%
19/03/2015,"418,815.08",308.66%
20/03/2015,"411,695.22",244.82%
21/03/2015,"379,171.30",180.30%
22/03/2015,"317,366.38",176.99%
23/03/2015,"288,168.67",176.38%
24/03/2015,"294,796.55",147.80%
25/03/2015,"269,149.25",101.82%
26/03/2015,"231,199.21",82.29%
27/03/2015,"265,416.69",85.20%
28/03/2015,"291,427.52",91.66%
29/03/2015,"292,593.23",85.38%
30/03/2015,"281,767.28",84.61%
31/03/2015,"293,601.51",83.21%
1/4/2015,"335,880.13",108.13%
2/4/2015,"391,636.23",111.95%
3/4/2015,"361,480.24",81.30%
4/4/2015,"342,683.27",52.10%
5/4/2015,"366,328.41",69.02%
6/4/2015,"427,505.26",77.38%
7/4/2015,"377,059.64",62.29%
8/4/2015,"336,337.20",36.06%
9/4/2015,"391,496.50",58.53%
10/4/2015,"359,002.29",25.00%
11/4/2015,"311,254.98",1.85%
12/4/2015,"342,380.48",2.23%
13/04/2015,"311,223.86",-17.62%
14/04/2015,"295,662.66",-18.05%
15/04/2015,"277,627.24",-15.90%
16/04/2015,"300,670.30",-17.73%
17/04/2015,"318,710.52",-20.93%
18/04/2015,"363,648.70",-13.17%
19/04/2015,"312,010.59",-24.21%
20/04/2015,"278,001.43",-26.68%
21/04/2015,"246,031.27",-22.48%
22/04/2015,"239,142.39",-17.01%
23/04/2015,"216,663.01",-26.50%
24/04/2015,"234,646.04",-12.82%
25/04/2015,"260,457.10",12.65%
26/04/2015,"288,326.01",8.63%
27/04/2015,"315,428.66",8.24%
28/04/2015,"306,912.08",4.89%
29/04/2015,"316,119.45",12.19%
30/04/2015,"316,751.69",7.88%
1/5/2015,"334,489.78",-0.41%
2/5/2015,"300,037.33",-23.39%
3/5/2015,"294,036.59",-18.66%
4/5/2015,"286,685.67",-16.34%
5/5/2015,"296,146.30",-19.16%
6/5/2015,"341,752.83",-20.06%
7/5/2015,"396,091.53",5.05%
8/5/2015,"445,602.97",32.49%
9/5/2015,"406,835.51",3.92%
10/5/2015,"408,056.02",13.66%
11/5/2015,"434,171.60",39.49%
12/5/2015,"377,295.12",10.20%
13/05/2015,"318,059.79",2.20%
14/05/2015,"272,577.24",-7.81%
15/05/2015,"273,667.55",-1.43%
16/05/2015,"291,729.61",-2.97%
17/05/2015,"245,344.60",-23.02%
18/05/2015,"279,938.19",-23.02%
19/05/2015,"324,448.36",3.99%
20/05/2015,"373,115.61",34.21%
21/05/2015,"352,594.25",43.31%
22/05/2015,"373,749.91",56.29%
23/05/2015,"312,454.92",44.21%
24/05/2015,"319,328.93",36.09%
25/05/2015,"326,034.84",25.18%
26/05/2015,"287,562.73",-0.26%
27/05/2015,"282,674.16",-10.38%
28/05/2015,"247,057.22",-19.50%
29/05/2015,"284,115.80",-10.12%
30/05/2015,"313,947.96",-0.89%
31/05/2015,"349,110.13",4.37%
1/6/2015,"305,471.36",1.81%
2/6/2015,"310,358.91",5.55%
3/6/2015,"361,257.77",26.01%
4/6/2015,"421,226.56",42.24%
5/6/2015,"419,962.88",22.88%
6/6/2015,"465,738.83",17.58%
7/6/2015,"541,654.26",21.56%
8/6/2015,"538,404.33",32.34%
9/6/2015,"545,941.99",33.79%
10/6/2015,"576,514.75",32.78%
11/6/2015,"592,080.64",56.93%
12/6/2015,"542,937.95",70.70%
13/06/2015,"532,622.13",95.40%
14/06/2015,"567,775.19",107.47%
15/06/2015,"513,268.77",75.94%
16/06/2015,"590,259.09",140.58%
17/06/2015,"589,668.83",110.64%
18/06/2015,"573,158.10",76.66%
19/06/2015,"631,047.07",69.13%
20/06/2015,"706,772.72",100.45%
21/06/2015,"600,756.81",60.74%
22/06/2015,"559,304.59",79.00%
23/06/2015,"550,355.72",72.35%
24/06/2015,"478,809.47",46.86%
25/06/2015,"548,715.66",90.82%
26/06/2015,"553,105.38",95.67%
27/06/2015,"634,964.98",157.01%
28/06/2015,"587,342.61",106.73%
29/06/2015,"674,269.31",114.77%
30/06/2015,"760,575.78",117.86%
1/7/2015,"756,012.33",147.49%
2/7/2015,"655,462.69",111.20%
3/7/2015,"669,227.41",85.25%
4/7/2015,"579,550.93",37.59%
5/7/2015,"660,688.06",57.32%
6/7/2015,"594,619.26",27.67%
7/7/2015,"550,617.43",1.65%
8/7/2015,"642,019.93",19.24%
9/7/2015,"626,611.45",14.78%
10/7/2015,"638,517.07",10.75%
11/7/2015,"672,996.99",13.67%
12/7/2015,"706,646.84",30.15%
13/07/2015,"601,356.46",12.90%
14/07/2015,"564,673.71",-0.55%
15/07/2015,"541,522.09",5.50%
16/07/2015,"492,243.58",-16.61%
17/07/2015,"549,836.08",-6.76%
18/07/2015,"533,890.83",-6.85%
19/07/2015,"484,238.99",-23.26%
20/07/2015,"506,513.98",-28.33%
21/07/2015,"523,228.94",-12.91%
22/07/2015,"610,084.95",9.08%
23/07/2015,"533,214.24",-3.11%
24/07/2015,"555,609.24",16.04%
25/07/2015,"600,613.59",9.46%
26/07/2015,"563,976.16",1.97%
27/07/2015,"610,222.20",-3.90%
28/07/2015,"657,819.54",12.00%
29/07/2015,"561,777.88",-16.68%
30/07/2015,"633,685.45",-16.68%
31/07/2015,"610,872.78",-19.20%
1/8/2015,"713,499.40",8.85%
2/8/2015,"781,281.85",16.74%
3/8/2015,"745,342.88",28.61%
4/8/2015,"795,280.86",20.37%
5/8/2015,"695,075.47",16.89%
6/8/2015,"722,183.41",31.16%
7/8/2015,"805,234.50",25.42%
8/8/2015,"887,368.42",41.61%
9/8/2015,"945,934.74",48.15%
10/8/2015,"1,030,122.93",53.07%
11/8/2015,"890,026.21",25.95%
12/8/2015,"849,975.03",41.34%
13/08/2015,"767,527.45",35.92%
14/08/2015,"837,372.45",54.63%
15/08/2015,"877,566.33",78.28%
16/08/2015,"1,020,609.64",85.62%
17/08/2015,"1,155,330.11",116.40%
18/08/2015,"1,232,737.23",154.57%
19/08/2015,"1,259,857.45",148.73%
20/08/2015,"1,206,943.44",130.67%
21/08/2015,"1,296,257.25",112.47%
22/08/2015,"1,197,741.70",124.63%
23/08/2015,"1,020,475.93",83.67%
24/08/2015,"1,189,874.93",98.11%
25/08/2015,"1,316,001.68",133.34%
26/08/2015,"1,337,057.70",119.11%
27/08/2015,"1,223,407.80",85.98%
28/08/2015,"1,340,854.95",138.68%
29/08/2015,"1,355,604.35",113.92%
30/08/2015,"1,270,201.28",107.93%
31/08/2015,"1,187,638.20",66.45%
1/9/2015,"1,381,223.22",76.79%
2/9/2015,"1,215,476.43",63.08%
3/9/2015,"1,330,946.70",67.36%
4/9/2015,"1,489,329.35",114.27%
5/9/2015,"1,708,260.77",136.54%
6/9/2015,"1,496,436.43",85.84%
7/9/2015,"1,587,719.05",78.92%
8/9/2015,"1,478,166.44",56.27%
9/9/2015,"1,398,345.45",35.75%
10/9/2015,"1,560,553.52",75.34%
11/9/2015,"1,590,204.04",87.09%
12/9/2015,"1,528,186.08",99.11%
13/09/2015,"1,503,735.11",79.58%
14/09/2015,"1,718,769.23",95.86%
15/09/2015,"1,637,987.07",60.49%
16/09/2015,"1,846,011.43",59.78%
17/09/2015,"2,069,378.81",67.87%
18/09/2015,"2,402,548.80",90.70%
19/09/2015,"2,770,138.77",129.52%
20/09/2015,"2,717,506.13",109.64%
21/09/2015,"3,002,844.28",150.71%
22/09/2015,"2,852,702.06",179.55%
23/09/2015,"2,815,616.94",136.63%
24/09/2015,"3,122,519.18",137.27%
25/09/2015,"3,169,356.97",137.04%
26/09/2015,"2,912,639.06",138.08%
27/09/2015,"2,938,852.81",119.18%
28/09/2015,"2,498,024.89",84.27%
29/09/2015,"2,747,827.38",116.33%
30/09/2015,"3,198,471.07",169.31%
1/10/2015,"3,198,471.07",131.57%
2/10/2015,"2,667,524.87",119.46%
3/10/2015,"3,083,658.75",131.69%
4/10/2015,"3,567,793.17",139.56%
5/10/2015,"3,689,098.14",115.96%
6/10/2015,"3,475,130.45",132.23%
7/10/2015,"3,707,964.19",133.54%
8/10/2015,"3,674,592.51",148.59%
9/10/2015,"4,082,472.28",191.95%
10/10/2015,"4,568,286.48",192.74%
11/10/2015,"4,536,308.47",185.27%
12/10/2015,"4,522,699.55",195.95%
13/10/2015,"4,264,905.67",183.62%
14/10/2015,"3,842,680.01",123.57%
15/10/2015,"3,316,232.85",102.46%
16/10/2015,"3,067,515.39",66.17%
17/10/2015,"2,963,219.86",43.19%
18/10/2015,"2,586,890.94",7.67%
19/10/2015,"2,558,435.14",-7.64%
20/10/2015,"2,873,122.66",5.73%
21/10/2015,"3,217,897.38",7.16%
22/10/2015,"3,221,115.28",12.91%
23/10/2015,"2,766,938.03",-1.73%
24/10/2015,"2,971,691.44",-4.83%
25/10/2015,"2,594,286.63",-18.14%
26/10/2015,"2,236,275.07",-23.22%
27/10/2015,"2,108,807.39",-28.24%
28/10/2015,"2,437,781.35",-2.41%
29/10/2015,"2,654,743.89",-3.39%
30/10/2015,"3,026,408.03",-5.38%
31/10/2015,"3,486,422.05",9.00%
1/11/2015,"3,775,795.08",41.55%
2/11/2015,"3,881,517.34",25.87%
3/11/2015,"3,702,967.55",3.79%
4/11/2015,"3,162,334.28",-14.28%
5/11/2015,"3,624,035.09",4.28%
6/11/2015,"3,192,774.91",-13.89%
7/11/2015,"2,940,545.70",-19.98%
8/11/2015,"2,684,718.22",-34.24%
9/11/2015,"3,022,992.72",-33.83%
10/11/2015,"2,539,313.88",-44.02%
11/11/2015,"2,892,278.51",-36.05%
12/11/2015,"2,846,002.05",-33.27%
13/11/2015,"2,752,083.99",-28.38%
14/11/2015,"3,109,854.90",-6.22%
15/11/2015,"3,514,136.04",14.56%
16/11/2015,"3,124,066.94",5.43%
17/11/2015,"2,889,761.92",11.71%
18/11/2015,"3,092,045.26",20.86%
19/11/2015,"3,017,836.17",5.04%
20/11/2015,"2,556,107.24",-20.57%
21/11/2015,"2,254,486.58",-30.01%
22/11/2015,"2,594,914.06",-6.22%
23/11/2015,"2,325,042.99",-21.76%
24/11/2015,"2,146,014.68",-17.28%
25/11/2015,"2,300,527.74",2.87%
26/11/2015,"1,987,655.97",-5.75%
27/11/2015,"2,319,594.51",-4.85%
28/11/2015,"2,365,986.40",-10.88%
29/11/2015,"2,207,465.32",-27.06%
30/11/2015,"2,236,162.36",-35.86%
1/12/2015,"2,072,922.51",-45.10%
2/12/2015,"1,732,963.22",-55.35%
3/12/2015,"1,455,689.10",-60.69%
4/12/2015,"1,494,992.71",-52.73%
5/12/2015,"1,391,838.21",-61.59%
6/12/2015,"1,443,336.23",-54.79%
7/12/2015,"1,430,346.20",-51.36%
8/12/2015,"1,597,696.71",-40.49%
9/12/2015,"1,771,845.65",-41.39%
10/12/2015,"1,979,151.59",-22.06%
11/12/2015,"1,872,277.40",-35.27%
12/12/2015,"1,741,217.98",-38.82%
13/12/2015,"1,523,565.74",-44.64%
14/12/2015,"1,752,100.60",-43.66%
15/12/2015,"1,592,659.44",-54.68%
16/12/2015,"1,688,219.01",-45.96%
17/12/2015,"1,865,482.01",-35.45%
18/12/2015,"2,052,030.21",-33.64%
19/12/2015,"2,093,070.81",-30.64%
20/12/2015,"2,296,098.68",-10.17%
21/12/2015,"2,415,495.81",7.14%
22/12/2015,"2,734,341.26",5.37%
23/12/2015,"2,693,326.14",15.84%
24/12/2015,"2,593,673.07",20.86%
25/12/2015,"3,016,441.78",31.12%
26/12/2015,"3,327,135.29",67.39%
27/12/2015,"3,353,752.37",44.58%
28/12/2015,"3,685,773.85",55.78%
29/12/2015,"3,567,829.09",61.63%
30/12/2015,"3,739,084.88",67.21%
31/12/2015,"4,101,776.12",97.87%
1/1/2016,"4,257,643.61",145.69%
2/1/2016,"3,618,997.07",148.61%
3/1/2016,"4,194,417.60",180.56%
4/1/2016,"3,963,724.64",184.78%
5/1/2016,"4,415,589.24",205.93%
6/1/2016,"4,605,459.58",221.98%
7/1/2016,"5,291,673.06",231.21%
8/1/2016,"5,021,797.73",183.42%
9/1/2016,"5,775,067.39",191.80%
10/1/2016,"4,879,931.95",160.64%
11/1/2016,"4,679,854.74",168.77%
12/1/2016,"4,562,858.37",199.49%
13/01/2016,"4,914,198.46",180.47%
14/01/2016,"4,098,441.52",157.33%
15/01/2016,"4,758,290.60",181.85%
16/01/2016,"4,663,124.79",149.97%
17/01/2016,"4,238,780.43",106.57%
18/01/2016,"3,937,827.02",88.14%
19/01/2016,"4,189,847.95",82.48%
20/01/2016,"4,390,960.65",81.78%
21/01/2016,"4,948,612.66",80.98%
22/01/2016,"5,052,533.52",87.59%
23/01/2016,"5,067,691.12",95.39%
24/01/2016,"4,312,605.15",42.97%
25/01/2016,"4,178,914.39",25.60%
26/01/2016,"4,112,051.76",22.61%
27/01/2016,"4,190,180.74",13.69%
28/01/2016,"3,590,984.89",0.65%
29/01/2016,"3,282,160.19",-12.22%
30/01/2016,"2,829,222.09",-31.02%
31/01/2016,"3,120,631.96",-26.71%
1/2/2016,"3,095,666.91",-14.46%
2/2/2016,"3,405,233.60",-18.82%
3/2/2016,"3,354,155.09",-15.38%
4/2/2016,"3,297,134.46",-25.33%
5/2/2016,"3,442,208.37",-25.26%
6/2/2016,"3,208,138.20",-39.37%
7/2/2016,"3,618,779.89",-27.94%
8/2/2016,"3,170,051.19",-45.11%
9/2/2016,"3,036,909.04",-37.77%
10/2/2016,"2,587,446.50",-44.71%
11/2/2016,"2,310,589.72",-49.36%
12/2/2016,"2,467,709.82",-49.78%
13/02/2016,"2,845,269.43",-30.58%
14/02/2016,"2,967,616.01",-37.63%
15/02/2016,"3,436,499.34",-26.30%
16/02/2016,"3,687,363.80",-13.01%
17/02/2016,"3,078,948.77",-21.81%
18/02/2016,"3,235,975.16",-22.77%
19/02/2016,"3,750,495.21",-14.59%
20/02/2016,"4,354,324.93",-12.01%
21/02/2016,"4,306,427.36",-14.77%
22/02/2016,"3,617,398.98",-28.62%
23/02/2016,"3,089,258.73",-28.37%
24/02/2016,"3,169,579.46",-24.15%
25/02/2016,"3,622,829.32",-11.90%
26/02/2016,"3,887,295.86",-7.23%
27/02/2016,"3,700,705.66",3.06%
28/02/2016,"4,266,913.63",30.00%
29/02/2016,"4,774,676.35",68.76%
1/3/2016,"4,459,547.71",42.91%
2/3/2016,"3,719,262.79",20.14%
3/3/2016,"3,325,020.93",-2.36%
4/3/2016,"3,700,748.30",10.33%
5/3/2016,"3,426,892.92",3.94%
6/3/2016,"3,276,109.64",-4.83%
7/3/2016,"3,472,676.21",8.25%
8/3/2016,"3,924,124.12",8.44%
9/3/2016,"4,030,075.47",27.13%
10/3/2016,"3,550,496.49",16.91%
11/3/2016,"3,387,173.65",30.91%
12/3/2016,"2,926,518.04",26.66%
13/03/2016,"2,973,342.33",20.49%
14/03/2016,"3,086,329.33",8.47%
15/03/2016,"3,027,689.08",2.02%
16/03/2016,"3,448,537.86",0.35%
17/03/2016,"3,696,832.58",0.26%
18/03/2016,"4,036,941.18",31.11%
19/03/2016,"4,081,347.53",26.12%
20/03/2016,"4,746,607.18",26.56%
21/03/2016,"5,349,426.29",22.85%
22/03/2016,"4,611,205.47",7.08%
23/03/2016,"4,864,821.77",34.48%
24/03/2016,"4,310,232.08",39.52%
25/03/2016,"4,728,324.60",49.18%
26/03/2016,"4,132,555.70",14.07%
27/03/2016,"3,504,407.23",-9.85%
28/03/2016,"3,518,424.86",-4.93%
29/03/2016,"3,880,822.62",-9.05%
30/03/2016,"3,830,371.93",-19.78%
31/03/2016,"3,458,825.85",-22.44%
1/4/2016,"3,434,614.07",-7.65%
2/4/2016,"3,774,640.86",13.52%
3/4/2016,"3,340,557.16",-9.73%
4/4/2016,"3,173,529.31",-7.39%
5/4/2016,"2,751,449.91",-16.01%
6/4/2016,"3,065,115.20",-11.74%
7/4/2016,"2,648,259.53",-32.51%
8/4/2016,"2,656,204.31",-34.09%
9/4/2016,"2,722,609.42",-23.32%
10/4/2016,"2,662,712.01",-21.39%
11/4/2016,"2,633,422.18",-10.02%
12/4/2016,"2,288,443.87",-23.03%
13/04/2016,"2,656,883.34",-13.91%
14/04/2016,"2,300,860.97",-24.01%
15/04/2016,"2,289,356.66",-33.61%
16/04/2016,"2,616,734.67",-29.22%
17/04/2016,"2,867,941.19",-28.96%
18/04/2016,"2,692,996.78",-34.02%
19/04/2016,"2,849,190.59",-39.97%
20/04/2016,"3,250,926.47",-39.23%
21/04/2016,"2,812,051.40",-39.02%
22/04/2016,"2,471,793.18",-49.19%
23/04/2016,"2,891,998.02",-32.90%
24/04/2016,"2,585,446.23",-45.32%
25/04/2016,"2,637,155.15",-36.19%
26/04/2016,"2,283,776.36",-34.83%
27/04/2016,"2,343,154.55",-33.40%
28/04/2016,"2,404,076.56",-38.05%
29/04/2016,"2,755,071.74",-28.07%
30/04/2016,"2,821,193.47",-18.43%
1/5/2016,"2,646,279.47",-22.95%
2/5/2016,"2,564,244.81",-32.07%
3/5/2016,"2,166,786.86",-35.14%
4/5/2016,"1,965,275.68",-38.07%
5/5/2016,"1,794,296.70",-34.79%
6/5/2016,"2,067,029.80",-32.56%
7/5/2016,"1,938,873.95",-26.79%
8/5/2016,"1,898,157.60",-28.54%
9/5/2016,"1,979,778.37",-27.28%
10/5/2016,"2,047,090.84",-23.12%
11/5/2016,"2,395,096.28",-9.05%
12/5/2016,"2,138,820.98",-6.54%
13/05/2016,"2,320,620.76",-12.66%
14/05/2016,"2,134,971.10",-7.21%
15/05/2016,"2,378,357.81",3.89%
16/05/2016,"2,073,928.01",-20.74%
17/05/2016,"2,173,476.55",-24.21%
18/05/2016,"2,084,364.01",-22.60%
19/05/2016,"2,019,748.73",-29.11%
20/05/2016,"2,306,553.05",-29.05%
21/05/2016,"1,955,956.98",-30.44%
22/05/2016,"2,216,099.26",-10.34%
23/05/2016,"2,025,514.73",-29.96%
24/05/2016,"1,800,682.59",-30.35%
25/05/2016,"2,005,960.41",-23.93%
26/05/2016,"1,689,018.66",-26.04%
27/05/2016,"1,942,371.46",-17.10%
28/05/2016,"1,886,042.69",-21.55%
29/05/2016,"1,733,273.23",-37.09%
30/05/2016,"1,733,273.23",-38.56%
31/05/2016,"1,637,943.20",-38.10%
